use oficina;

insert into customer (firstName,lastName,phone,email,cpf,birthdate) values
	  ('Wanda','Dacia','38746836330','rmgxnbwsfr@email.com','22166162537','1997-04-16'),
    ('Caritta','Doretta','14087250698','qfnopcjmqs@email.com','14721236673','2005-04-24'),
    ('Nelie','Dagmar','75947779523','errxobddfj@email.com','22899567414','1990-10-11'),
    ('Johannah','Fay','07654341671','txfqjtiuul@email.com','26946574758','1992-05-19'),
    ('Darcey','Chrissy','74814898447','apmwnvxwrt@email.com','46171467697','2002-04-11'),
    ('Dorthy','Vanny','44244224806','yvfeojnhtb@email.com','69796998549','1984-04-30'),
    ('Christan','Rosalia','56384569301','mpcihpcypm@email.com','49933265175','1996-07-05'),
	  ('Arda','Ainslie','86445486801','wdqcxcvdyf@email.com','84181343872','1998-08-27'),
    ('Shandie','Kristy','93067014945','yijldolnpa@email.com','81252274451','1990-11-08'),
    ('Evangelin','Arleen','71162601949','tovgvcmmoa@email.com','77597636652','1983-09-17'),
    ('Prue','Tori','79707322203','nnbokpiqmh@email.com','88334762364','1984-06-02'),
    ('Magdalene','Oona','74541143568','xyjbdbuhqn@email.com','54337194744','1996-02-03'),
    ('Winnie','Lorna','11111385292','ypdaivdxle@email.com','87746818121','1982-02-08'),
    ('Elke','Willie','45169302657','xmjtrjudmd@email.com','38591771763','2003-12-03'),
    ('Jocelyne','Pooh','44095767453','vqtldlqxcr@email.com','16673771744','1981-05-14'),
    ('Sheba','Merla','20554785510','jviarzzxkp@email.com','47339577416','1996-11-23'),
    ('Hildagarde','Gabie','29291292195','atpuyiidjq@email.com','21315758878','1996-11-11'),
    ('Dela','Filippa','07380797689','efmnfzauka@email.com','69959724288','1992-01-21'),
    ('Clarine','Albina','10112046701','dnbttumugl@email.com','91142382394','1999-06-02'),
    ('Adrea','Hanna','54042555360','udiburjniw@email.com','19995137563','1998-02-11'),
    ('Roanna','Edna','06006151442','utixwuuuju@email.com','73883691738','1991-08-09'),
    ('Chandra','Ethel','45160081312','lxatkotcja@email.com','26132615945','1987-02-04'),
    ('Jolee','Arlee','00914200529','lpovufrdnf@email.com','83487532566','1987-01-02'),
    ('Margareta','Kaylee','21720893869','qsrrrdlpzc@email.com','55618236734','1982-05-06'),
    ('Eleonora','Orsola','03592616283','btamyiktlq@email.com','73558375831','2003-01-22'),
    ('Ronica','Wini','57052635504','iummnollud@email.com','96882821915','1980-10-29'),
    ('Tiff','Shina','64317954591','yoalnlcgxt@email.com','61389274658','2002-08-21'),
    ('Angelica','Carlen','46768744676','oskpfqsqjt@email.com','29216845922','1984-10-31'),
    ('Barby','Darby','38124243030','bvonwqoohw@email.com','84829599618','2005-04-25'),
    ('Binnie','Odele','58092980064','mpwkhsjfbl@email.com','21494895584','1999-10-26');

insert into vehicle(vCustomerID,make,model,vyear,VIN) values 
    (1,'Im sorry to have bothered you.','Devel Sixteen','1584','47488639218773547'),
    (2,'I was hung over.','Koenigsegg Jesko Absolut','7984','66387124321878317'),
    (3,'I like furry animals.','Bugatti Bolide','6975','55146656455174577'),
    (4,'My mom got a new job.','Koenigsegg Jesko','6772','69395593347285892'),
    (5,'I am not big on commitment.','Hennessey Venom F5','4513','92787323544955973'),
    (6,'There were so many cookies leftover.','Bugatti Chiron Super Sport','2563','24568373635942225'),
    (7,'Bridges are art.','SSC Tuatara','6376','78427579258258231'),
    (8,'Paying your rent is not your biggest worry.','Czinger 21c','2879','29532215319226893'),
    (9,'This is the biggest hotel in this city.','Koenigsegg Agera RS','8319','86137849346733726'),
    (10,'There is a hefty ransom.','Koenigsegg Agera R','2368','58312183312628429'),
    (11,'He loves to play basketball.','Hennessey Venom GT','2379','74363732859679419'),
    (12,'I thought you guys had a big party tonight.','Bugatti Veyron 16.4 Super Sport','5346','76519372245978863'),
    (13,'They fell asleep on the couch.','Bugatti Chiron','2228','32734779926469676'),
    (14,'There are many new recipes.','Rimac Nevera C Two','2381','65523215715168246'),
    (15,'I beg your pardon.','SSC Ultimate Aero TT','3996','79616845665228255'),
    (16,'I ve got a list.','Bugatti Veyron','5767','88711951981667985'),
    (17,'We are going to have the best day.','McLaren Speedtail','4852','31314162286821248'),
    (18,'Why not me?','Aston Martin Valkyrie','9523','51643534662388243'),
    (19,'This shouldnt be a big deal.','Tesla Roadster','5181','97126462627866897'),
    (20,'We will walk in the garden later.','Koenigsegg Gemera','7244','41488392549674195'),
    (21,'Mary is a fan of theirs.','Koenigsegg CCXR','6847','54972752565824455'),
    (22,'His chest is muscular.','Saleen S7 Twin Turbo','8594','96586871716241898'),
    (23,'The girl was sitting on the ledge.','Koenigsegg Regera','7424','97138339956391957'),
    (24,'He drinks more water than I do.','McLaren F1','2587','86495218351421969'),
    (25,'My mother never lies.','Pagani Huayra BC Roadster','7776','98921876911964392'),
    (26,'Tom is fat-headed.','Pagani Huayra','3983','33493289269555576'),
    (27,'Were no different from anyone else.','Rimac Concept_One','2143','84718999586839671'),
    (28,'His boss might get angry with him.','Aston Martin One-77','1317','39932587557948135'),
    (29,'What do you need it for?','Ferrari Enzo','5144','52255182482113749'),
    (30,'How big you are!','Porsche 918 Spyder','4759','36356176893272819');

insert into employee (eName,jobTitle,salary) values 
    ('Leonanie','Manager',6312.54),
    ('Janetta','Adminstrator',3924.33),
    ('Agneta','Adminstrator',4825.83),
    ('Fulvia','Finance',2521.98),
    ('Jacinda','Attendant',2229.37),
    ('Hilde','Security',3518.98),
    ('Tamera','Mechanic',5308.66),
    ('Annice','Mechanic',6468.65),
    ('Linnet','Mechanic',3019.9),
    ('Diandra','Mechanic',4134.77);

insert into service (serviceName,servDescription,servPrice,assignedEpye) values 
    ('Sixteen Motor','It is all going to be all right.',4099.32,1),
    ('Absolut Motor','It is clear that he has made a big mistake.',28094.8,8),
    ('Bolide Motor','Lets hang out soon.',14586.15,6),
    ('Jesko Motor','Weve been trying to go there for so long.',25832.39,3),
    ('Venom Motor','I will never forget that day.',26601.66,9),
    ('Chiron Front','Bridges are art.',28925.01,6),
    ('Tuatara Front','Were no different from anyone else.',9168.74,8),
    ('Czinger Front','Danny drank the juice.',13906.92,1),
    ('Agera Front','Get your act together!',19172.84,10),
    ('Koenigsegg Front','Peter ate french fries.',7106.75,1),
    ('Hennessey Back','Hes not the problem, I am.',7557.6,8),
    ('Veyron Back','We live near an old library.',25780.67,8),
    ('Bugatti Back','I do not want to smoke.',24678.24,8),
    ('Rimac Back','When I was young, I played the guitar.',4310.61,1),
    ('Ultimate Back','Odds are that he is cheating on her.',1126.35,10),
    ('5767 Mirror','Im a huge fan of the arts.',29001.35,7),
    ('McLaren Mirror','Well put you on the list.',16546.29,2),
    ('Valkyrie Mirror','You look a bit down today.',8971.25,6),
    ('Tesla Mirror','Im going to the mall.',5532.2,7),
    ('Gemera Mirror','Well, thats a big surprise.',8925.77,5),
    ('CCXR tire','They were afraid of the black dog.',18133.23,8),
    ('Twin tire','The Avengers are stupid.',14753.6,5),
    ('Regera tire','One cannot live on bread alone.',30850.76,5),
    ('F1 tire','I need a tiny little favor.',15256.41,7),
    ('Pagani tire','Our new car is not very nice.',30106.45,4),
    ('Huayra shock absorber','My grandmothers death was a big shock.',26524.32,10),
    ('Concept_One shock absorber','Water freezes at a very cold temperature.',14547.3,10),
    ('Martin shock absorber','I just walked on thee coolest pillow.',8709.93,6),
    ('Enzo shock absorber','Dont worry, be happy!',23406.45,9),
    ('Spyder shock absorber','How big a problem is it?',15855.76,1);

insert into appointment (aCustomerID,aVehicleID,serviceID,appointmentDate,appointmentTime) values
    (8,29,29,'2023-09-15','07:15:00'),
    (25,15,13,'2023-09-01','07:30:00'),
    (27,1,1,'2023-09-11','07:45:00'),
    (4,21,23,'2023-09-15','08:00:00'),
    (8,25,1,'2023-09-01','08:15:00'),
    (21,9,7,'2023-08-23','08:30:00'),
    (15,27,15,'2023-09-17','08:45:00'),
    (11,1,29,'2023-09-01','09:00:00'),
    (26,29,29,'2023-08-22','09:15:00'),
    (2,8,18,'2023-09-08','09:30:00'),
    (10,16,28,'2023-08-22','09:45:00'),
    (1,11,1,'2023-08-28','10:00:00'),
    (16,23,16,'2023-09-16','10:15:00'),
    (25,26,25,'2023-08-21','10:30:00'),
    (25,27,4,'2023-08-31','10:45:00'),
    (13,10,27,'2023-09-13','11:00:00'),
    (14,14,29,'2023-09-12','11:15:00'),
    (22,29,27,'2023-09-03','11:30:00'),
    (6,10,12,'2023-08-29','11:45:00'),
    (23,29,5,'2023-09-12','12:00:00');


insert into parts (vehPtId,ptName,ptdescription,ptPrice) values
    (29,'Motor a','She spent over $300 on masks alone in 2020.',824.64),
    (15,'Motor a','Im not as big a fool as you think I am.',31488.95),
    (1,'Motor a','I have opened the door.',12721.33),
    (21,'Motor a','The doctor diagnosed her with diabetes.',15388.42),
    (25,'Motor a','He writes meaningless letters.',15474.65),
    (9,'Motor b','I like geography and science.',16273.44),
    (27,'Motor b','He likes to swim in the lake.',26762.6),
    (1,'Motor b','I made a list.',3876.0),
    (29,'Motor b','I have 60 pairs of shoes.',4931.8),
    (8,'Motor b','I take ten minutes to get there.',25119.32),
    (16,'Motor c','I dont want a birthday party.',2821.0),
    (11,'Motor c','He is younger than I am.',16687.78),
    (23,'Motor c','He is tough, but I am even tougher.',25741.14),
    (26,'Motor c','Tom also broke his big toe on his right foot.',28115.2),
    (27,'Motor c','He knows English better than I do.',15730.0),
    (10,'Motor d','He had to wear the cast for two months.',22467.5),
    (14,'Motor d','Are you sure youre not just tired?',24697.34),
    (29,'Motor d','Youre getting fat.',18340.89),
    (10,'Motor d','When we were young, we rode bikes daily.',9064.43),
    (29,'Motor d','What are these things made of?',6085.36);

insert into supplier (idpartS,partDescription,contact) values
		(33,'Motor a','65146896279'),
    (32,'Motor a','58386671131'),
    (27,'Motor a','47986217395'),
    (36,'Motor a','59713275188'),
    (39,'Motor a','74758432433'),
    (35,'Motor b','85618492817'),
    (32,'Motor b','41896886266'),
    (27,'Motor b','21351539941'),
    (25,'Motor b','12161963167'),
    (21,'Motor b','39176797453'),
    (33,'Motor c','71995952317'),
    (39,'Motor c','17272712565'),
    (28,'Motor c','93619121337'),
    (27,'Motor c','22479677672'),
    (39,'Motor c','31699544654'),
    (32,'Motor d','69792181326'),
    (32,'Motor d','75711533996'),
    (31,'Motor d','15151261978'),
    (38,'Motor d','17323218469'),
    (28,'Motor d','75936544185');

